INSERT INTO [Medicine].[dbo].[Users](Id, UserName, FullName, Email, Password, PhoneNumber, Address, IsDeleted, CreatedAt, CreatedBy, UpdatedAt, UpdatedBy)
VALUES
('114A4C28-001D-43DB-B64D-A1087C9BE72A', 'huunghia.nguyenhuynh', N'Nguyễn Huỳnh Hữu Nghĩa', 'huunghia.nguyenhuynh@gmail.com', '123456', '123432131', 'Ho Chi Minh city', 0, GETDATE(), 'huunghia.nguyenhuynh', GETDATE(), 'huunghia.nguyenhuynh'),
('00E7AEB9-E69C-4EA7-B91D-848A9B7B3737', 'phat.nguyentien', N'Nguyễn Tiến Phát', 'phat.nguyentien@gmail.com', '123456', '0812829928', 'Ho Chi Minh city', 0, GETDATE(), 'huunghia.nguyenhuynh', GETDATE(), 'huunghia.nguyenhuynh'),
('A3F832E6-06C7-4188-90A3-BCFD7F94B0EB', 'phuong.donguyen', N'Đỗ Nguyên Phương', 'phuong.donguyen@gmail.com', '123456', '123432131', 'Ho Chi Minh city', 0, GETDATE(), 'huunghia.nguyenhuynh', GETDATE(), 'huunghia.nguyenhuynh'),

('701940ff-f100-4229-b289-057112c2d69e', 'vanluong.le', N'Lê Văn Lương', 'vanluong.le@gmail.com', '123456', '123432131', 'Ho Chi Minh city', 0, GETDATE(), 'huunghia.nguyenhuynh', GETDATE(), 'huunghia.nguyenhuynh'),
('76746471-a600-4389-83eb-3053b9052c62', 'nguyenthithap', N'Nguyễn Thị Thập', 'nguyenthithap@gmail.com', '123456', '0812829928', 'Ho Chi Minh city', 0, GETDATE(), 'huunghia.nguyenhuynh', GETDATE(), 'huunghia.nguyenhuynh'),
('f9ec7109-6c7d-4a33-bbf3-d960fdc2adc7', 'linh.nguyen', N'Nguyễn Văn Linh', 'linh.nguyen@gmail.com', '123456', '123432131', 'Ho Chi Minh city', 0, GETDATE(), 'huunghia.nguyenhuynh', GETDATE(), 'huunghia.nguyenhuynh'),
('826c3be5-a18c-4d46-b337-63148ae9a7bd', 'huulau', N'Phạm Hữu Lầu', 'huulau@gmail.com', '123456', '123432131', 'Ho Chi Minh city', 0, GETDATE(), 'huunghia.nguyenhuynh', GETDATE(), 'huunghia.nguyenhuynh'),
('a4335cd8-9dd5-42ed-aa79-6725c5b549d1', 'hoaian.pham', N'Phạm Hoài An', 'hoaian.pham@gmail.com', '123456', '0812829928', 'Ho Chi Minh city', 0, GETDATE(), 'huunghia.nguyenhuynh', GETDATE(), 'huunghia.nguyenhuynh'),
('59552eca-d577-40d4-a2f4-a0bf23fa2031', 'dieuanh.nguyen', N'Nguyễn Diệu Anh', 'dieuanh.nguyen@gmail.com', '123456', '123432131', 'Ho Chi Minh city', 0, GETDATE(), 'huunghia.nguyenhuynh', GETDATE(), 'huunghia.nguyenhuynh'),

('02692b24-a318-4d2e-9aca-91d0808b78e3', 'baochau.nguyen', N'Nguyễn Bảo Châu', 'baochau.nguyen@gmail.com', '123456', '123432131', 'Ho Chi Minh city', 0, GETDATE(), 'huunghia.nguyenhuynh', GETDATE(), 'huunghia.nguyenhuynh'),
('0a9ef9d3-2ed2-4e5c-9236-5776730f7668', 'bang.nguyenngoc', N'Nguyễn Ngọc Băng', 'bang.nguyenngoc@gmail.com', '123456', '0812829928', 'Ho Chi Minh city', 0, GETDATE(), 'huunghia.nguyenhuynh', GETDATE(), 'huunghia.nguyenhuynh'),
('e740b8b1-fe18-488d-9669-6aa57cf1f95c', 'mydung.le', N'Lê Mỹ Dung', 'mydung.le@gmail.com', '123456', '123432131', 'Ho Chi Minh city', 0, GETDATE(), 'huunghia.nguyenhuynh', GETDATE(), 'huunghia.nguyenhuynh'),
('a9f8787e-8fa9-4767-9d4a-7eb129204001', 'lanhuong.nguyen', N'Nguyễn Lan Hương', 'lanhuong.nguyen@gmail.com', '123456', '123432131', 'Ho Chi Minh city', 0, GETDATE(), 'huunghia.nguyenhuynh', GETDATE(), 'huunghia.nguyenhuynh'),
('b9d60816-ad94-45cb-b48d-d2687f221e0c', 'lankhue.pham', N'Phạm Lan Khuê', 'lankhue.pham@gmail.com', '123456', '0812829928', 'Ho Chi Minh city', 0, GETDATE(), 'huunghia.nguyenhuynh', GETDATE(), 'huunghia.nguyenhuynh'),
('24b39b9a-3d3f-4da8-96c3-6d99b4a6ed07', 'quocbao.le', N'Lê Quốc Bảo', 'quocbao.le@gmail.com', '123456', '123432131', 'Ho Chi Minh city', 0, GETDATE(), 'huunghia.nguyenhuynh', GETDATE(), 'huunghia.nguyenhuynh'),
('dde18d9f-eb90-4263-aea7-554473e8de8d', 'bach.dogia', N'Đỗ Gia Bách', 'bach.dogia@gmail.com', '123456', '123432131', 'Ho Chi Minh city', 0, GETDATE(), 'huunghia.nguyenhuynh', GETDATE(), 'huunghia.nguyenhuynh'),
('c7510b6c-7eeb-49f2-8517-e4caff314078', 'quocdung.pham', N'Phạm Quốc Dũng', 'quocdung.pham@gmail.com', '123456', '0812829928', 'Ho Chi Minh city', 0, GETDATE(), 'huunghia.nguyenhuynh', GETDATE(), 'huunghia.nguyenhuynh'),
('cb819690-a71a-47b6-98ee-2c8f60411e38', 'huyhoang.nguyen', N'Nguyễn Huy Hoàng', 'huyhoang.nguyen@hotmail.com', '123456', '123432131', 'Ho Chi Minh city', 0, GETDATE(), 'huunghia.nguyenhuynh', GETDATE(), 'huunghia.nguyenhuynh')

INSERT INTO [Medicine].[dbo].[UserRoles](Id, IsDeleted, UserId, Role, CreatedAt, UpdatedAt)
VALUES
('52371C62-BA07-40AB-B10A-0EC522760486', 0, '114A4C28-001D-43DB-B64D-A1087C9BE72A', 'Techlead', GETDATE(), GETDATE()),
('D7FA67C3-8FC3-4F18-A6F3-7791EC2E0A03', 0, '114A4C28-001D-43DB-B64D-A1087C9BE72A', 'Admin', GETDATE(), GETDATE()),
('73A1CCC3-C289-425D-B9EE-AC17A1E4E3F3', 0, '00E7AEB9-E69C-4EA7-B91D-848A9B7B3737', 'Dev02', GETDATE(), GETDATE()),
('83A1CCC3-C289-425D-B9EE-AC17A1E4E3F3', 0, 'A3F832E6-06C7-4188-90A3-BCFD7F94B0EB', 'Dev02', GETDATE(), GETDATE()),

(NEWID(), 0, '701940ff-f100-4229-b289-057112c2d69e', 'Employee', GETDATE(), GETDATE()),
(NEWID(), 0, '76746471-a600-4389-83eb-3053b9052c62', 'Employee', GETDATE(), GETDATE()),
(NEWID(), 0, 'f9ec7109-6c7d-4a33-bbf3-d960fdc2adc7', 'Employee', GETDATE(), GETDATE()),
(NEWID(), 0, '826c3be5-a18c-4d46-b337-63148ae9a7bd', 'Employee', GETDATE(), GETDATE()),
(NEWID(), 0, 'a4335cd8-9dd5-42ed-aa79-6725c5b549d1', 'Shipper', GETDATE(), GETDATE()),
(NEWID(), 0, '59552eca-d577-40d4-a2f4-a0bf23fa2031', 'Shipper', GETDATE(), GETDATE())

INSERT INTO [Medicine].[dbo].[ProductTypes] (Id, Name, IsDeleted)
VALUES 
('331EE1A6-0A35-40F6-949F-15B09921FF9D', 'Medicine', 0),
('8D9D9431-0404-4DC7-8D96-42F2B89629A9', 'Food', 0),
('4F986856-396C-4C17-9264-AA0B6D51AECA', 'Candy', 0),
('92b4dc5f-9921-43a1-b32b-f6ec675ae478', N'Chăm sóc sức khỏe', 0),
('7b368fb0-2b9d-46b3-8cb1-126ef77e078d', N'Thực phẩm chức năng', 0),
('9c5c793f-0e8b-4fcb-b13a-c9ee69b5b142', N'Chăm sóc sắc đẹp', 0)

INSERT INTO [Medicine].[dbo].[Roles](Id, IsDeleted, Name)
VALUES
(NEWID(), 0, 'Admin'),
(NEWID(), 0, 'Employee'),
(NEWID(), 0, 'ProductManager'),
(NEWID(), 0, 'UserManager'),
(NEWID(), 0, 'OrderManager'),
(NEWID(), 0, 'Accountant')